,diff,lag_1,lag_2,lag_3,lag_4,lag_5,Extreme Fear,Extreme Greed,Fear,Greed,Neutral,feargreed
0,-115.39999999999964,28.100000000000364,-85.60000000000036,198.10000000000036,-102.30000000000109,70.5,0,0,0,0,1,54
1,-445.2999999999993,-115.39999999999964,28.100000000000364,-85.60000000000036,198.10000000000036,-102.30000000000109,0,0,1,0,0,42
2,26.299999999999272,-445.2999999999993,-115.39999999999964,28.100000000000364,-85.60000000000036,198.10000000000036,0,0,1,0,0,38
3,232.29999999999927,26.299999999999272,-445.2999999999993,-115.39999999999964,28.100000000000364,-85.60000000000036,0,0,1,0,0,39
4,-299.89999999999964,232.29999999999927,26.299999999999272,-445.2999999999993,-115.39999999999964,28.100000000000364,0,0,1,0,0,40
5,75.70000000000073,-299.89999999999964,232.29999999999927,26.299999999999272,-445.2999999999993,-115.39999999999964,0,0,1,0,0,39
6,-29.5,75.70000000000073,-299.89999999999964,232.29999999999927,26.299999999999272,-445.2999999999993,0,0,1,0,0,38
7,-121.89999999999964,-29.5,75.70000000000073,-299.89999999999964,232.29999999999927,26.299999999999272,0,0,1,0,0,41
8,-184.90000000000146,-121.89999999999964,-29.5,75.70000000000073,-299.89999999999964,232.29999999999927,0,0,1,0,0,38
9,21.0,-184.90000000000146,-121.89999999999964,-29.5,75.70000000000073,-299.89999999999964,0,0,1,0,0,41
10,12.5,21.0,-184.90000000000146,-121.89999999999964,-29.5,75.70000000000073,0,0,1,0,0,38
11,-301.39999999999964,12.5,21.0,-184.90000000000146,-121.89999999999964,-29.5,0,0,1,0,0,38
12,-62.69999999999982,-301.39999999999964,12.5,21.0,-184.90000000000146,-121.89999999999964,0,0,1,0,0,32
13,-46.399999999999636,-62.69999999999982,-301.39999999999964,12.5,21.0,-184.90000000000146,0,0,1,0,0,32
14,-471.40000000000055,-46.399999999999636,-62.69999999999982,-301.39999999999964,12.5,21.0,0,0,1,0,0,30
15,-355.39999999999964,-471.40000000000055,-46.399999999999636,-62.69999999999982,-301.39999999999964,12.5,1,0,0,0,0,20
16,51.600000000000364,-355.39999999999964,-471.40000000000055,-46.399999999999636,-62.69999999999982,-301.39999999999964,1,0,0,0,0,23
17,-399.40000000000055,51.600000000000364,-355.39999999999964,-471.40000000000055,-46.399999999999636,-62.69999999999982,1,0,0,0,0,21
18,190.90000000000055,-399.40000000000055,51.600000000000364,-355.39999999999964,-471.40000000000055,-46.399999999999636,1,0,0,0,0,17
19,47.19999999999982,190.90000000000055,-399.40000000000055,51.600000000000364,-355.39999999999964,-471.40000000000055,1,0,0,0,0,21
20,347.8000000000002,47.19999999999982,190.90000000000055,-399.40000000000055,51.600000000000364,-355.39999999999964,1,0,0,0,0,20
21,-83.90000000000055,347.8000000000002,47.19999999999982,190.90000000000055,-399.40000000000055,51.600000000000364,0,0,1,0,0,32
22,316.0,-83.90000000000055,347.8000000000002,47.19999999999982,190.90000000000055,-399.40000000000055,0,0,1,0,0,31
23,-196.09999999999945,316.0,-83.90000000000055,347.8000000000002,47.19999999999982,190.90000000000055,0,0,1,0,0,38
24,-150.20000000000073,-196.09999999999945,316.0,-83.90000000000055,347.8000000000002,47.19999999999982,1,0,0,0,0,25
25,-98.19999999999982,-150.20000000000073,-196.09999999999945,316.0,-83.90000000000055,347.8000000000002,0,0,1,0,0,28
26,-6.399999999999636,-98.19999999999982,-150.20000000000073,-196.09999999999945,316.0,-83.90000000000055,0,0,1,0,0,28
27,-87.40000000000055,-6.399999999999636,-98.19999999999982,-150.20000000000073,-196.09999999999945,316.0,1,0,0,0,0,24
28,194.80000000000018,-87.40000000000055,-6.399999999999636,-98.19999999999982,-150.20000000000073,-196.09999999999945,1,0,0,0,0,21
29,131.60000000000036,194.80000000000018,-87.40000000000055,-6.399999999999636,-98.19999999999982,-150.20000000000073,0,0,1,0,0,29
30,-19.900000000000546,131.60000000000036,194.80000000000018,-87.40000000000055,-6.399999999999636,-98.19999999999982,0,0,1,0,0,32
31,13.5,-19.900000000000546,131.60000000000036,194.80000000000018,-87.40000000000055,-6.399999999999636,0,0,1,0,0,28
32,-168.59999999999945,13.5,-19.900000000000546,131.60000000000036,194.80000000000018,-87.40000000000055,0,0,1,0,0,32
33,-120.10000000000036,-168.59999999999945,13.5,-19.900000000000546,131.60000000000036,194.80000000000018,0,0,1,0,0,26
34,-27.699999999999818,-120.10000000000036,-168.59999999999945,13.5,-19.900000000000546,131.60000000000036,1,0,0,0,0,20
35,0.0,-27.699999999999818,-120.10000000000036,-168.59999999999945,13.5,-19.900000000000546,1,0,0,0,0,23
36,47.19999999999982,0.0,-27.699999999999818,-120.10000000000036,-168.59999999999945,13.5,1,0,0,0,0,22
37,-174.39999999999964,47.19999999999982,0.0,-27.699999999999818,-120.10000000000036,-168.59999999999945,0,0,1,0,0,27
38,47.69999999999982,-174.39999999999964,47.19999999999982,0.0,-27.699999999999818,-120.10000000000036,1,0,0,0,0,21
39,-225.0,47.69999999999982,-174.39999999999964,47.19999999999982,0.0,-27.699999999999818,1,0,0,0,0,24
40,-290.1999999999998,-225.0,47.69999999999982,-174.39999999999964,47.19999999999982,0.0,1,0,0,0,0,23
41,662.6999999999998,-290.1999999999998,-225.0,47.69999999999982,-174.39999999999964,47.19999999999982,1,0,0,0,0,15
42,-110.5,662.6999999999998,-290.1999999999998,-225.0,47.69999999999982,-174.39999999999964,1,0,0,0,0,21
43,30.899999999999636,-110.5,662.6999999999998,-290.1999999999998,-225.0,47.69999999999982,1,0,0,0,0,23
44,-40.19999999999982,30.899999999999636,-110.5,662.6999999999998,-290.1999999999998,-225.0,1,0,0,0,0,23
45,339.60000000000036,-40.19999999999982,30.899999999999636,-110.5,662.6999999999998,-290.1999999999998,1,0,0,0,0,20
46,-173.0,339.60000000000036,-40.19999999999982,30.899999999999636,-110.5,662.6999999999998,0,0,1,0,0,33
47,-54.5,-173.0,339.60000000000036,-40.19999999999982,30.899999999999636,-110.5,1,0,0,0,0,25
48,-43.5,-54.5,-173.0,339.60000000000036,-40.19999999999982,30.899999999999636,1,0,0,0,0,22
49,-13.900000000000546,-43.5,-54.5,-173.0,339.60000000000036,-40.19999999999982,0,0,1,0,0,39
50,50.80000000000018,-13.900000000000546,-43.5,-54.5,-173.0,339.60000000000036,0,0,1,0,0,38
51,59.80000000000018,50.80000000000018,-13.900000000000546,-43.5,-54.5,-173.0,0,0,1,0,0,37
52,76.0,59.80000000000018,50.80000000000018,-13.900000000000546,-43.5,-54.5,0,0,1,0,0,37
53,-135.69999999999982,76.0,59.80000000000018,50.80000000000018,-13.900000000000546,-43.5,0,0,1,0,0,40
54,-65.40000000000055,-135.69999999999982,76.0,59.80000000000018,50.80000000000018,-13.900000000000546,0,0,1,0,0,38
55,3.4000000000005457,-65.40000000000055,-135.69999999999982,76.0,59.80000000000018,50.80000000000018,0,0,1,0,0,37
56,-232.80000000000018,3.4000000000005457,-65.40000000000055,-135.69999999999982,76.0,59.80000000000018,0,0,1,0,0,39
57,376.10000000000036,-232.80000000000018,3.4000000000005457,-65.40000000000055,-135.69999999999982,76.0,0,0,1,0,0,38
58,33.69999999999982,376.10000000000036,-232.80000000000018,3.4000000000005457,-65.40000000000055,-135.69999999999982,0,0,1,0,0,38
59,-4.300000000000182,33.69999999999982,376.10000000000036,-232.80000000000018,3.4000000000005457,-65.40000000000055,0,0,1,0,0,39
60,386.60000000000036,-4.300000000000182,33.69999999999982,376.10000000000036,-232.80000000000018,3.4000000000005457,0,0,1,0,0,41
61,396.59999999999945,386.60000000000036,-4.300000000000182,33.69999999999982,376.10000000000036,-232.80000000000018,0,0,1,0,0,40
62,-96.09999999999945,396.59999999999945,386.60000000000036,-4.300000000000182,33.69999999999982,376.10000000000036,0,0,0,0,1,51
63,-217.20000000000073,-96.09999999999945,396.59999999999945,386.60000000000036,-4.300000000000182,33.69999999999982,0,0,1,0,0,44
64,344.7000000000007,-217.20000000000073,-96.09999999999945,396.59999999999945,386.60000000000036,-4.300000000000182,0,0,1,0,0,41
65,-163.0,344.7000000000007,-217.20000000000073,-96.09999999999945,396.59999999999945,386.60000000000036,0,0,0,0,1,50
66,163.5,-163.0,344.7000000000007,-217.20000000000073,-96.09999999999945,396.59999999999945,0,0,1,0,0,45
67,-76.20000000000073,163.5,-163.0,344.7000000000007,-217.20000000000073,-96.09999999999945,0,0,0,0,1,49
68,717.8000000000011,-76.20000000000073,163.5,-163.0,344.7000000000007,-217.20000000000073,0,0,0,1,0,56
69,-10.900000000001455,717.8000000000011,-76.20000000000073,163.5,-163.0,344.7000000000007,0,0,0,0,1,54
70,-91.39999999999964,-10.900000000001455,717.8000000000011,-76.20000000000073,163.5,-163.0,0,0,0,1,0,55
71,186.20000000000073,-91.39999999999964,-10.900000000001455,717.8000000000011,-76.20000000000073,163.5,0,0,0,0,1,54
72,3.1999999999989086,186.20000000000073,-91.39999999999964,-10.900000000001455,717.8000000000011,-76.20000000000073,0,0,0,0,1,51
73,-210.09999999999854,3.1999999999989086,186.20000000000073,-91.39999999999964,-10.900000000001455,717.8000000000011,0,0,0,0,1,53
74,-64.30000000000109,-210.09999999999854,3.1999999999989086,186.20000000000073,-91.39999999999964,-10.900000000001455,0,0,0,0,1,48
75,90.70000000000073,-64.30000000000109,-210.09999999999854,3.1999999999989086,186.20000000000073,-91.39999999999964,0,0,0,0,1,49
76,-54.100000000000364,90.70000000000073,-64.30000000000109,-210.09999999999854,3.1999999999989086,186.20000000000073,0,0,0,0,1,52
77,-273.39999999999964,-54.100000000000364,90.70000000000073,-64.30000000000109,-210.09999999999854,3.1999999999989086,0,0,0,0,1,49
78,34.79999999999927,-273.39999999999964,-54.100000000000364,90.70000000000073,-64.30000000000109,-210.09999999999854,0,0,1,0,0,40
79,-98.29999999999927,34.79999999999927,-273.39999999999964,-54.100000000000364,90.70000000000073,-64.30000000000109,0,0,1,0,0,41
80,266.1999999999989,-98.29999999999927,34.79999999999927,-273.39999999999964,-54.100000000000364,90.70000000000073,0,0,1,0,0,42
81,258.8000000000011,266.1999999999989,-98.29999999999927,34.79999999999927,-273.39999999999964,-54.100000000000364,0,0,0,0,1,50
82,510.6999999999989,258.8000000000011,266.1999999999989,-98.29999999999927,34.79999999999927,-273.39999999999964,0,0,0,0,1,54
83,-78.39999999999964,510.6999999999989,258.8000000000011,266.1999999999989,-98.29999999999927,34.79999999999927,0,0,0,1,0,57
84,208.39999999999964,-78.39999999999964,510.6999999999989,258.8000000000011,266.1999999999989,-98.29999999999927,0,0,0,1,0,57
85,-158.1999999999989,208.39999999999964,-78.39999999999964,510.6999999999989,258.8000000000011,266.1999999999989,0,0,0,1,0,55
86,32.5,-158.1999999999989,208.39999999999964,-78.39999999999964,510.6999999999989,258.8000000000011,0,0,0,1,0,57
87,-46.70000000000073,32.5,-158.1999999999989,208.39999999999964,-78.39999999999964,510.6999999999989,0,0,0,1,0,57
88,-38.29999999999927,-46.70000000000073,32.5,-158.1999999999989,208.39999999999964,-78.39999999999964,0,0,0,1,0,59
89,-102.70000000000073,-38.29999999999927,-46.70000000000073,32.5,-158.1999999999989,208.39999999999964,0,0,0,1,0,56
90,417.89999999999964,-102.70000000000073,-38.29999999999927,-46.70000000000073,32.5,-158.1999999999989,0,0,0,0,1,53
91,160.20000000000073,417.89999999999964,-102.70000000000073,-38.29999999999927,-46.70000000000073,32.5,0,0,0,1,0,61
92,46.600000000000364,160.20000000000073,417.89999999999964,-102.70000000000073,-38.29999999999927,-46.70000000000073,0,0,0,1,0,56
93,76.89999999999964,46.600000000000364,160.20000000000073,417.89999999999964,-102.70000000000073,-38.29999999999927,0,0,0,1,0,56
94,256.0,76.89999999999964,46.600000000000364,160.20000000000073,417.89999999999964,-102.70000000000073,0,0,0,1,0,56
95,-297.39999999999964,256.0,76.89999999999964,46.600000000000364,160.20000000000073,417.89999999999964,0,0,0,1,0,57
96,375.39999999999964,-297.39999999999964,256.0,76.89999999999964,46.600000000000364,160.20000000000073,0,0,0,0,1,52
97,88.20000000000073,375.39999999999964,-297.39999999999964,256.0,76.89999999999964,46.600000000000364,0,0,0,1,0,61
98,-82.60000000000036,88.20000000000073,375.39999999999964,-297.39999999999964,256.0,76.89999999999964,0,0,0,1,0,65
99,97.89999999999964,-82.60000000000036,88.20000000000073,375.39999999999964,-297.39999999999964,256.0,0,0,0,1,0,63
100,-425.2999999999993,97.89999999999964,-82.60000000000036,88.20000000000073,375.39999999999964,-297.39999999999964,0,0,0,1,0,64
101,24.599999999998545,-425.2999999999993,97.89999999999964,-82.60000000000036,88.20000000000073,375.39999999999964,0,0,0,1,0,59
102,-230.89999999999964,24.599999999998545,-425.2999999999993,97.89999999999964,-82.60000000000036,88.20000000000073,0,0,0,0,1,49
103,457.0,-230.89999999999964,24.599999999998545,-425.2999999999993,97.89999999999964,-82.60000000000036,0,0,0,0,1,53
104,-549.0,457.0,-230.89999999999964,24.599999999998545,-425.2999999999993,97.89999999999964,0,0,0,0,1,50
105,-7.0,-549.0,457.0,-230.89999999999964,24.599999999998545,-425.2999999999993,0,0,1,0,0,44
106,82.10000000000036,-7.0,-549.0,457.0,-230.89999999999964,24.599999999998545,0,0,1,0,0,44
107,-28.799999999999272,82.10000000000036,-7.0,-549.0,457.0,-230.89999999999964,0,0,1,0,0,43
108,287.0,-28.799999999999272,82.10000000000036,-7.0,-549.0,457.0,0,0,1,0,0,46
109,-280.0,287.0,-28.799999999999272,82.10000000000036,-7.0,-549.0,0,0,1,0,0,46
110,-345.5,-280.0,287.0,-28.799999999999272,82.10000000000036,-7.0,0,0,1,0,0,44
111,-516.9000000000015,-345.5,-280.0,287.0,-28.799999999999272,82.10000000000036,0,0,1,0,0,41
112,18.30000000000109,-516.9000000000015,-345.5,-280.0,287.0,-28.799999999999272,0,0,1,0,0,39
113,-121.10000000000036,18.30000000000109,-516.9000000000015,-345.5,-280.0,287.0,0,0,1,0,0,40
114,-153.79999999999927,-121.10000000000036,18.30000000000109,-516.9000000000015,-345.5,-280.0,0,0,1,0,0,38
115,-3.7000000000007276,-153.79999999999927,-121.10000000000036,18.30000000000109,-516.9000000000015,-345.5,0,0,1,0,0,39
116,364.7999999999993,-3.7000000000007276,-153.79999999999927,-121.10000000000036,18.30000000000109,-516.9000000000015,0,0,1,0,0,38
117,-143.39999999999964,364.7999999999993,-3.7000000000007276,-153.79999999999927,-121.10000000000036,18.30000000000109,0,0,1,0,0,38
118,-3.5,-143.39999999999964,364.7999999999993,-3.7000000000007276,-153.79999999999927,-121.10000000000036,0,0,1,0,0,40
119,302.39999999999964,-3.5,-143.39999999999964,364.7999999999993,-3.7000000000007276,-153.79999999999927,0,0,1,0,0,41
120,74.5,302.39999999999964,-3.5,-143.39999999999964,364.7999999999993,-3.7000000000007276,0,0,1,0,0,39
121,-247.0,74.5,302.39999999999964,-3.5,-143.39999999999964,364.7999999999993,0,0,1,0,0,38
122,-853.6999999999989,-247.0,74.5,302.39999999999964,-3.5,-143.39999999999964,0,0,1,0,0,33
123,-101.10000000000036,-853.6999999999989,-247.0,74.5,302.39999999999964,-3.5,1,0,0,0,0,17
124,-41.80000000000018,-101.10000000000036,-853.6999999999989,-247.0,74.5,302.39999999999964,1,0,0,0,0,16
125,43.900000000000546,-41.80000000000018,-101.10000000000036,-853.6999999999989,-247.0,74.5,1,0,0,0,0,17
126,-3109.1000000000004,43.900000000000546,-41.80000000000018,-101.10000000000036,-853.6999999999989,-247.0,1,0,0,0,0,14
127,758.3000000000002,-3109.1000000000004,43.900000000000546,-41.80000000000018,-101.10000000000036,-853.6999999999989,1,0,0,0,0,10
128,-401.60000000000036,758.3000000000002,-3109.1000000000004,43.900000000000546,-41.80000000000018,-101.10000000000036,1,0,0,0,0,8
129,183.60000000000036,-401.60000000000036,758.3000000000002,-3109.1000000000004,43.900000000000546,-41.80000000000018,1,0,0,0,0,12
130,-336.3000000000002,183.60000000000036,-401.60000000000036,758.3000000000002,-3109.1000000000004,43.900000000000546,1,0,0,0,0,9
131,231.10000000000036,-336.3000000000002,183.60000000000036,-401.60000000000036,758.3000000000002,-3109.1000000000004,1,0,0,0,0,8
132,100.29999999999927,231.10000000000036,-336.3000000000002,183.60000000000036,-401.60000000000036,758.3000000000002,1,0,0,0,0,11
133,810.6000000000004,100.29999999999927,231.10000000000036,-336.3000000000002,183.60000000000036,-401.60000000000036,1,0,0,0,0,12
134,33.30000000000018,810.6000000000004,100.29999999999927,231.10000000000036,-336.3000000000002,183.60000000000036,1,0,0,0,0,9
135,-19.100000000000364,33.30000000000018,810.6000000000004,100.29999999999927,231.10000000000036,-336.3000000000002,1,0,0,0,0,9
136,-364.09999999999945,-19.100000000000364,33.30000000000018,810.6000000000004,100.29999999999927,231.10000000000036,1,0,0,0,0,11
137,646.7999999999993,-364.09999999999945,-19.100000000000364,33.30000000000018,810.6000000000004,100.29999999999927,1,0,0,0,0,10
138,275.7000000000007,646.7999999999993,-364.09999999999945,-19.100000000000364,33.30000000000018,810.6000000000004,1,0,0,0,0,12
139,-65.70000000000073,275.7000000000007,646.7999999999993,-364.09999999999945,-19.100000000000364,33.30000000000018,1,0,0,0,0,13
140,46.20000000000073,-65.70000000000073,275.7000000000007,646.7999999999993,-364.09999999999945,-19.100000000000364,1,0,0,0,0,14
141,-351.7000000000007,46.20000000000073,-65.70000000000073,275.7000000000007,646.7999999999993,-364.09999999999945,1,0,0,0,0,12
142,-139.69999999999982,-351.7000000000007,46.20000000000073,-65.70000000000073,275.7000000000007,646.7999999999993,1,0,0,0,0,8
143,-343.3000000000002,-139.69999999999982,-351.7000000000007,46.20000000000073,-65.70000000000073,275.7000000000007,1,0,0,0,0,12
144,500.60000000000036,-343.3000000000002,-139.69999999999982,-351.7000000000007,46.20000000000073,-65.70000000000073,1,0,0,0,0,10
145,21.5,500.60000000000036,-343.3000000000002,-139.69999999999982,-351.7000000000007,46.20000000000073,1,0,0,0,0,12
146,226.0,21.5,500.60000000000036,-343.3000000000002,-139.69999999999982,-351.7000000000007,1,0,0,0,0,12
147,162.0,226.0,21.5,500.60000000000036,-343.3000000000002,-139.69999999999982,1,0,0,0,0,14
148,-64.60000000000036,162.0,226.0,21.5,500.60000000000036,-343.3000000000002,1,0,0,0,0,14
149,121.5,-64.60000000000036,162.0,226.0,21.5,500.60000000000036,1,0,0,0,0,12
150,-84.69999999999982,121.5,-64.60000000000036,162.0,226.0,21.5,1,0,0,0,0,12
151,559.6000000000004,-84.69999999999982,121.5,-64.60000000000036,162.0,226.0,1,0,0,0,0,12
152,-147.10000000000036,559.6000000000004,-84.69999999999982,121.5,-64.60000000000036,162.0,1,0,0,0,0,20
153,176.0,-147.10000000000036,559.6000000000004,-84.69999999999982,121.5,-64.60000000000036,1,0,0,0,0,21
154,-72.19999999999982,176.0,-147.10000000000036,559.6000000000004,-84.69999999999982,121.5,1,0,0,0,0,22
155,-425.89999999999964,-72.19999999999982,176.0,-147.10000000000036,559.6000000000004,-84.69999999999982,1,0,0,0,0,15
156,4.699999999999818,-425.89999999999964,-72.19999999999982,176.0,-147.10000000000036,559.6000000000004,1,0,0,0,0,15
157,49.80000000000018,4.699999999999818,-425.89999999999964,-72.19999999999982,176.0,-147.10000000000036,1,0,0,0,0,10
158,-76.30000000000018,49.80000000000018,4.699999999999818,-425.89999999999964,-72.19999999999982,176.0,1,0,0,0,0,11
159,9.599999999999454,-76.30000000000018,49.80000000000018,4.699999999999818,-425.89999999999964,-72.19999999999982,1,0,0,0,0,15
160,-221.79999999999927,9.599999999999454,-76.30000000000018,49.80000000000018,4.699999999999818,-425.89999999999964,1,0,0,0,0,18
161,456.5,-221.79999999999927,9.599999999999454,-76.30000000000018,49.80000000000018,4.699999999999818,1,0,0,0,0,13
162,-49.80000000000018,456.5,-221.79999999999927,9.599999999999454,-76.30000000000018,49.80000000000018,1,0,0,0,0,15
163,195.0,-49.80000000000018,456.5,-221.79999999999927,9.599999999999454,-76.30000000000018,1,0,0,0,0,18
164,-107.90000000000055,195.0,-49.80000000000018,456.5,-221.79999999999927,9.599999999999454,1,0,0,0,0,16
165,-289.39999999999964,-107.90000000000055,195.0,-49.80000000000018,456.5,-221.79999999999927,1,0,0,0,0,15
166,9.0,-289.39999999999964,-107.90000000000055,195.0,-49.80000000000018,456.5,1,0,0,0,0,17
167,270.39999999999964,9.0,-289.39999999999964,-107.90000000000055,195.0,-49.80000000000018,1,0,0,0,0,19
168,375.60000000000036,270.39999999999964,9.0,-289.39999999999964,-107.90000000000055,195.0,1,0,0,0,0,19
169,15.300000000000182,375.60000000000036,270.39999999999964,9.0,-289.39999999999964,-107.90000000000055,1,0,0,0,0,20
170,36.599999999999454,15.300000000000182,375.60000000000036,270.39999999999964,9.0,-289.39999999999964,1,0,0,0,0,24
171,138.5,36.599999999999454,15.300000000000182,375.60000000000036,270.39999999999964,9.0,1,0,0,0,0,21
172,87.10000000000036,138.5,36.599999999999454,15.300000000000182,375.60000000000036,270.39999999999964,0,0,1,0,0,28
173,-19.100000000000364,87.10000000000036,138.5,36.599999999999454,15.300000000000182,375.60000000000036,0,0,1,0,0,26
174,1024.0,-19.100000000000364,87.10000000000036,138.5,36.599999999999454,15.300000000000182,0,0,1,0,0,26
175,-141.89999999999964,1024.0,-19.100000000000364,87.10000000000036,138.5,36.599999999999454,0,0,1,0,0,44
176,192.60000000000036,-141.89999999999964,1024.0,-19.100000000000364,87.10000000000036,138.5,0,0,1,0,0,40
177,144.6999999999989,192.60000000000036,-141.89999999999964,1024.0,-19.100000000000364,87.10000000000036,0,0,1,0,0,40
178,-80.79999999999927,144.6999999999989,192.60000000000036,-141.89999999999964,1024.0,-19.100000000000364,0,0,1,0,0,45
179,-10.799999999999272,-80.79999999999927,144.6999999999989,192.60000000000036,-141.89999999999964,1024.0,0,0,1,0,0,44
180,126.29999999999927,-10.799999999999272,-80.79999999999927,144.6999999999989,192.60000000000036,-141.89999999999964,0,0,1,0,0,40
181,150.39999999999964,126.29999999999927,-10.799999999999272,-80.79999999999927,144.6999999999989,192.60000000000036,0,0,1,0,0,42
182,828.3999999999996,150.39999999999964,126.29999999999927,-10.799999999999272,-80.79999999999927,144.6999999999989,0,0,0,0,1,49
183,-173.59999999999854,828.3999999999996,150.39999999999964,126.29999999999927,-10.799999999999272,-80.79999999999927,0,0,0,1,0,55
184,-251.60000000000036,-173.59999999999854,828.3999999999996,150.39999999999964,126.29999999999927,-10.799999999999272,0,0,0,1,0,56
185,-815.8000000000011,-251.60000000000036,-173.59999999999854,828.3999999999996,150.39999999999964,126.29999999999927,0,0,0,0,1,48
186,-159.0,-815.8000000000011,-251.60000000000036,-173.59999999999854,828.3999999999996,150.39999999999964,0,0,1,0,0,40
187,234.0,-159.0,-815.8000000000011,-251.60000000000036,-173.59999999999854,828.3999999999996,0,0,1,0,0,39
188,484.90000000000146,234.0,-159.0,-815.8000000000011,-251.60000000000036,-173.59999999999854,0,0,1,0,0,41
189,479.6999999999989,484.90000000000146,234.0,-159.0,-815.8000000000011,-251.60000000000036,0,0,1,0,0,40
190,-460.39999999999964,479.6999999999989,484.90000000000146,234.0,-159.0,-815.8000000000011,0,0,1,0,0,44
191,61.5,-460.39999999999964,479.6999999999989,484.90000000000146,234.0,-159.0,0,0,1,0,0,41
192,298.2000000000007,61.5,-460.39999999999964,479.6999999999989,484.90000000000146,234.0,0,0,1,0,0,40
193,53.0,298.2000000000007,61.5,-460.39999999999964,479.6999999999989,484.90000000000146,0,0,0,0,1,50
194,42.599999999998545,53.0,298.2000000000007,61.5,-460.39999999999964,479.6999999999989,0,0,0,0,1,50
195,-261.0,42.599999999998545,53.0,298.2000000000007,61.5,-460.39999999999964,0,0,0,0,1,52
196,-453.2999999999993,-261.0,42.599999999998545,53.0,298.2000000000007,61.5,0,0,0,0,1,49
197,110.70000000000073,-453.2999999999993,-261.0,42.599999999998545,53.0,298.2000000000007,0,0,1,0,0,42
198,7.299999999999272,110.70000000000073,-453.2999999999993,-261.0,42.599999999998545,53.0,0,0,1,0,0,40
199,-448.7999999999993,7.299999999999272,110.70000000000073,-453.2999999999993,-261.0,42.599999999998545,0,0,1,0,0,43
200,170.0,-448.7999999999993,7.299999999999272,110.70000000000073,-453.2999999999993,-261.0,0,0,1,0,0,41
201,-55.70000000000073,170.0,-448.7999999999993,7.299999999999272,110.70000000000073,-453.2999999999993,0,0,1,0,0,39
202,356.60000000000036,-55.70000000000073,170.0,-448.7999999999993,7.299999999999272,110.70000000000073,0,0,1,0,0,39
203,373.10000000000036,356.60000000000036,-55.70000000000073,170.0,-448.7999999999993,7.299999999999272,0,0,1,0,0,41
204,-147.40000000000146,373.10000000000036,356.60000000000036,-55.70000000000073,170.0,-448.7999999999993,0,0,0,0,1,48
205,267.7000000000007,-147.40000000000146,373.10000000000036,356.60000000000036,-55.70000000000073,170.0,0,0,0,0,1,48
206,-237.70000000000073,267.7000000000007,-147.40000000000146,373.10000000000036,356.60000000000036,-55.70000000000073,0,0,0,0,1,51
207,734.5,-237.70000000000073,267.7000000000007,-147.40000000000146,373.10000000000036,356.60000000000036,0,0,0,0,1,50
208,-661.6999999999989,734.5,-237.70000000000073,267.7000000000007,-147.40000000000146,373.10000000000036,0,0,0,1,0,56
209,139.60000000000036,-661.6999999999989,734.5,-237.70000000000073,267.7000000000007,-147.40000000000146,0,0,0,0,1,48
210,127.19999999999891,139.60000000000036,-661.6999999999989,734.5,-237.70000000000073,267.7000000000007,0,0,0,0,1,54
211,-163.1999999999989,127.19999999999891,139.60000000000036,-661.6999999999989,734.5,-237.70000000000073,0,0,0,0,1,53
212,38.399999999999636,-163.1999999999989,127.19999999999891,139.60000000000036,-661.6999999999989,734.5,0,0,0,0,1,54
213,73.0,38.399999999999636,-163.1999999999989,127.19999999999891,139.60000000000036,-661.6999999999989,0,0,0,0,1,54
214,35.29999999999927,73.0,38.399999999999636,-163.1999999999989,127.19999999999891,139.60000000000036,0,0,0,0,1,53
215,-9.100000000000364,35.29999999999927,73.0,38.399999999999636,-163.1999999999989,127.19999999999891,0,0,0,0,1,52
216,110.0,-9.100000000000364,35.29999999999927,73.0,38.399999999999636,-163.1999999999989,0,0,0,0,1,54
217,-595.5999999999985,110.0,-9.100000000000364,35.29999999999927,73.0,38.399999999999636,0,0,0,0,1,52
218,183.39999999999964,-595.5999999999985,110.0,-9.100000000000364,35.29999999999927,73.0,0,0,1,0,0,38
219,4.699999999998909,183.39999999999964,-595.5999999999985,110.0,-9.100000000000364,35.29999999999927,0,0,1,0,0,38
220,-126.0,4.699999999998909,183.39999999999964,-595.5999999999985,110.0,-9.100000000000364,0,0,1,0,0,40
221,80.10000000000036,-126.0,4.699999999998909,183.39999999999964,-595.5999999999985,110.0,0,0,1,0,0,37
222,98.10000000000036,80.10000000000036,-126.0,4.699999999998909,183.39999999999964,-595.5999999999985,0,0,1,0,0,39
223,-58.899999999999636,98.10000000000036,80.10000000000036,-126.0,4.699999999998909,183.39999999999964,0,0,1,0,0,38
224,-76.5,-58.899999999999636,98.10000000000036,80.10000000000036,-126.0,4.699999999998909,0,0,1,0,0,40
225,-74.10000000000036,-76.5,-58.899999999999636,98.10000000000036,80.10000000000036,-126.0,0,0,1,0,0,39
226,44.79999999999927,-74.10000000000036,-76.5,-58.899999999999636,98.10000000000036,80.10000000000036,0,0,1,0,0,38
227,-62.399999999999636,44.79999999999927,-74.10000000000036,-76.5,-58.899999999999636,98.10000000000036,0,0,1,0,0,37
228,387.3000000000011,-62.399999999999636,44.79999999999927,-74.10000000000036,-76.5,-58.899999999999636,0,0,1,0,0,38
229,-59.100000000000364,387.3000000000011,-62.399999999999636,44.79999999999927,-74.10000000000036,-76.5,0,0,1,0,0,41
230,-322.60000000000036,-59.100000000000364,387.3000000000011,-62.399999999999636,44.79999999999927,-74.10000000000036,0,0,0,0,1,50
231,-54.5,-322.60000000000036,-59.100000000000364,387.3000000000011,-62.399999999999636,44.79999999999927,0,0,1,0,0,43
232,-87.5,-54.5,-322.60000000000036,-59.100000000000364,387.3000000000011,-62.399999999999636,0,0,1,0,0,40
233,-151.70000000000073,-87.5,-54.5,-322.60000000000036,-59.100000000000364,387.3000000000011,0,0,1,0,0,43
234,115.70000000000073,-151.70000000000073,-87.5,-54.5,-322.60000000000036,-59.100000000000364,0,0,1,0,0,40
235,61.399999999999636,115.70000000000073,-151.70000000000073,-87.5,-54.5,-322.60000000000036,0,0,1,0,0,41
236,-50.0,61.399999999999636,115.70000000000073,-151.70000000000073,-87.5,-54.5,0,0,1,0,0,44
237,94.5,-50.0,61.399999999999636,115.70000000000073,-151.70000000000073,-87.5,0,0,1,0,0,42
238,-144.79999999999927,94.5,-50.0,61.399999999999636,115.70000000000073,-151.70000000000073,0,0,1,0,0,42
239,-18.0,-144.79999999999927,94.5,-50.0,61.399999999999636,115.70000000000073,0,0,1,0,0,41
240,67.29999999999927,-18.0,-144.79999999999927,94.5,-50.0,61.399999999999636,0,0,1,0,0,40
241,-53.399999999999636,67.29999999999927,-18.0,-144.79999999999927,94.5,-50.0,0,0,1,0,0,38
242,258.0,-53.399999999999636,67.29999999999927,-18.0,-144.79999999999927,94.5,0,0,1,0,0,40
243,-83.0,258.0,-53.399999999999636,67.29999999999927,-18.0,-144.79999999999927,0,0,1,0,0,43
244,173.89999999999964,-83.0,258.0,-53.399999999999636,67.29999999999927,-18.0,0,0,1,0,0,44
245,-194.1999999999989,173.89999999999964,-83.0,258.0,-53.399999999999636,67.29999999999927,0,0,1,0,0,44
246,49.399999999999636,-194.1999999999989,173.89999999999964,-83.0,258.0,-53.399999999999636,0,0,1,0,0,41
247,-51.80000000000109,49.399999999999636,-194.1999999999989,173.89999999999964,-83.0,258.0,0,0,1,0,0,44
248,67.5,-51.80000000000109,49.399999999999636,-194.1999999999989,173.89999999999964,-83.0,0,0,1,0,0,41
249,-57.19999999999891,67.5,-51.80000000000109,49.399999999999636,-194.1999999999989,173.89999999999964,0,0,1,0,0,43
250,9.799999999999272,-57.19999999999891,67.5,-51.80000000000109,49.399999999999636,-194.1999999999989,0,0,1,0,0,43
251,-54.69999999999891,9.799999999999272,-57.19999999999891,67.5,-51.80000000000109,49.399999999999636,0,0,1,0,0,44
252,-63.400000000001455,-54.69999999999891,9.799999999999272,-57.19999999999891,67.5,-51.80000000000109,0,0,1,0,0,43
253,20.5,-63.400000000001455,-54.69999999999891,9.799999999999272,-57.19999999999891,67.5,0,0,1,0,0,41
254,14.400000000001455,20.5,-63.400000000001455,-54.69999999999891,9.799999999999272,-57.19999999999891,0,0,1,0,0,44
255,37.79999999999927,14.400000000001455,20.5,-63.400000000001455,-54.69999999999891,9.799999999999272,0,0,1,0,0,41
256,-45.600000000000364,37.79999999999927,14.400000000001455,20.5,-63.400000000001455,-54.69999999999891,0,0,1,0,0,44
257,224.89999999999964,-45.600000000000364,37.79999999999927,14.400000000001455,20.5,-63.400000000001455,0,0,1,0,0,44
258,126.40000000000146,224.89999999999964,-45.600000000000364,37.79999999999927,14.400000000001455,20.5,0,0,0,0,1,50
259,85.89999999999964,126.40000000000146,224.89999999999964,-45.600000000000364,37.79999999999927,14.400000000001455,0,0,0,1,0,55
260,-53.20000000000073,85.89999999999964,126.40000000000146,224.89999999999964,-45.600000000000364,37.79999999999927,0,0,0,0,1,53
261,157.70000000000073,-53.20000000000073,85.89999999999964,126.40000000000146,224.89999999999964,-45.600000000000364,0,0,0,1,0,55
262,228.39999999999964,157.70000000000073,-53.20000000000073,85.89999999999964,126.40000000000146,224.89999999999964,0,0,0,1,0,55
263,1090.2999999999993,228.39999999999964,157.70000000000073,-53.20000000000073,85.89999999999964,126.40000000000146,0,0,0,1,0,58
264,-114.29999999999927,1090.2999999999993,228.39999999999964,157.70000000000073,-53.20000000000073,85.89999999999964,0,1,0,0,0,76
265,197.39999999999964,-114.29999999999927,1090.2999999999993,228.39999999999964,157.70000000000073,-53.20000000000073,0,0,0,1,0,71
266,-9.699999999998909,197.39999999999964,-114.29999999999927,1090.2999999999993,228.39999999999964,157.70000000000073,0,1,0,0,0,76
267,237.1999999999989,-9.699999999998909,197.39999999999964,-114.29999999999927,1090.2999999999993,228.39999999999964,0,0,0,1,0,75
268,469.7000000000007,237.1999999999989,-9.699999999998909,197.39999999999964,-114.29999999999927,1090.2999999999993,0,0,0,1,0,75
269,-736.3000000000011,469.7000000000007,237.1999999999989,-9.699999999998909,197.39999999999964,-114.29999999999927,0,1,0,0,0,80
270,157.60000000000036,-736.3000000000011,469.7000000000007,237.1999999999989,-9.699999999998909,197.39999999999964,0,0,0,1,0,75
271,-39.69999999999891,157.60000000000036,-736.3000000000011,469.7000000000007,237.1999999999989,-9.699999999998909,0,0,0,1,0,72
272,550.3999999999996,-39.69999999999891,157.60000000000036,-736.3000000000011,469.7000000000007,237.1999999999989,0,0,0,1,0,75
273,22.0,550.3999999999996,-39.69999999999891,157.60000000000036,-736.3000000000011,469.7000000000007,0,1,0,0,0,79
274,-165.10000000000036,22.0,550.3999999999996,-39.69999999999891,157.60000000000036,-736.3000000000011,0,1,0,0,0,77
275,172.29999999999927,-165.10000000000036,22.0,550.3999999999996,-39.69999999999891,157.60000000000036,0,1,0,0,0,77
276,-83.09999999999854,172.29999999999927,-165.10000000000036,22.0,550.3999999999996,-39.69999999999891,0,1,0,0,0,79
277,208.0,-83.09999999999854,172.29999999999927,-165.10000000000036,22.0,550.3999999999996,0,1,0,0,0,78
278,-498.8000000000011,208.0,-83.09999999999854,172.29999999999927,-165.10000000000036,22.0,0,1,0,0,0,84
279,166.8000000000011,-498.8000000000011,208.0,-83.09999999999854,172.29999999999927,-165.10000000000036,0,0,0,1,0,75
280,213.6999999999989,166.8000000000011,-498.8000000000011,208.0,-83.09999999999854,172.29999999999927,0,0,0,1,0,75
281,-20.100000000000364,213.6999999999989,166.8000000000011,-498.8000000000011,208.0,-83.09999999999854,0,1,0,0,0,78
282,94.5,-20.100000000000364,213.6999999999989,166.8000000000011,-498.8000000000011,208.0,0,1,0,0,0,79
283,53.70000000000073,94.5,-20.100000000000364,213.6999999999989,166.8000000000011,-498.8000000000011,0,1,0,0,0,82
284,383.60000000000036,53.70000000000073,94.5,-20.100000000000364,213.6999999999989,166.8000000000011,0,1,0,0,0,83
285,-335.0,383.60000000000036,53.70000000000073,94.5,-20.100000000000364,213.6999999999989,0,1,0,0,0,82
286,-197.39999999999964,-335.0,383.60000000000036,53.70000000000073,94.5,-20.100000000000364,0,1,0,0,0,80
287,106.69999999999891,-197.39999999999964,-335.0,383.60000000000036,53.70000000000073,94.5,0,0,0,1,0,75
288,-327.6999999999989,106.69999999999891,-197.39999999999964,-335.0,383.60000000000036,53.70000000000073,0,1,0,0,0,81
289,132.09999999999854,-327.6999999999989,106.69999999999891,-197.39999999999964,-335.0,383.60000000000036,0,1,0,0,0,78
290,-19.69999999999891,132.09999999999854,-327.6999999999989,106.69999999999891,-197.39999999999964,-335.0,0,1,0,0,0,76
291,111.89999999999964,-19.69999999999891,132.09999999999854,-327.6999999999989,106.69999999999891,-197.39999999999964,0,1,0,0,0,78
292,-428.7000000000007,111.89999999999964,-19.69999999999891,132.09999999999854,-327.6999999999989,106.69999999999891,0,0,0,1,0,75
293,137.5,-428.7000000000007,111.89999999999964,-19.69999999999891,132.09999999999854,-327.6999999999989,0,1,0,0,0,76
294,-134.89999999999964,137.5,-428.7000000000007,111.89999999999964,-19.69999999999891,132.09999999999854,0,0,0,1,0,75
295,200.0,-134.89999999999964,137.5,-428.7000000000007,111.89999999999964,-19.69999999999891,0,0,0,1,0,74
296,-59.29999999999927,200.0,-134.89999999999964,137.5,-428.7000000000007,111.89999999999964,0,1,0,0,0,79
297,233.89999999999964,-59.29999999999927,200.0,-134.89999999999964,137.5,-428.7000000000007,0,0,0,1,0,75
298,-57.79999999999927,233.89999999999964,-59.29999999999927,200.0,-134.89999999999964,137.5,0,0,0,1,0,75
299,270.6999999999989,-57.79999999999927,233.89999999999964,-59.29999999999927,200.0,-134.89999999999964,0,0,0,1,0,75
300,-501.60000000000036,270.6999999999989,-57.79999999999927,233.89999999999964,-59.29999999999927,200.0,0,1,0,0,0,83
301,-1244.5,-501.60000000000036,270.6999999999989,-57.79999999999927,233.89999999999964,-59.29999999999927,0,1,0,0,0,79
302,303.7000000000007,-1244.5,-501.60000000000036,270.6999999999989,-57.79999999999927,233.89999999999964,0,0,1,0,0,40
303,-380.2999999999993,303.7000000000007,-1244.5,-501.60000000000036,270.6999999999989,-57.79999999999927,0,0,1,0,0,41
304,204.1999999999989,-380.2999999999993,303.7000000000007,-1244.5,-501.60000000000036,270.6999999999989,0,0,1,0,0,41
305,80.5,204.1999999999989,-380.2999999999993,303.7000000000007,-1244.5,-501.60000000000036,0,0,1,0,0,41
306,-250.29999999999927,80.5,204.1999999999989,-380.2999999999993,303.7000000000007,-1244.5,0,0,1,0,0,41
307,98.0,-250.29999999999927,80.5,204.1999999999989,-380.2999999999993,303.7000000000007,0,0,1,0,0,38
308,115.10000000000036,98.0,-250.29999999999927,80.5,204.1999999999989,-380.2999999999993,0,0,1,0,0,38
309,50.5,115.10000000000036,98.0,-250.29999999999927,80.5,204.1999999999989,0,0,1,0,0,41
310,51.69999999999891,50.5,115.10000000000036,98.0,-250.29999999999927,80.5,0,0,1,0,0,41
311,-115.89999999999964,51.69999999999891,50.5,115.10000000000036,98.0,-250.29999999999927,0,0,1,0,0,38
312,349.2999999999993,-115.89999999999964,51.69999999999891,50.5,115.10000000000036,98.0,0,0,1,0,0,39
313,110.0,349.2999999999993,-115.89999999999964,51.69999999999891,50.5,115.10000000000036,0,0,0,0,1,47
314,164.20000000000073,110.0,349.2999999999993,-115.89999999999964,51.69999999999891,50.5,0,0,1,0,0,43
315,-8.200000000000728,164.20000000000073,110.0,349.2999999999993,-115.89999999999964,51.69999999999891,0,0,0,0,1,48
316,-8.299999999999272,-8.200000000000728,164.20000000000073,110.0,349.2999999999993,-115.89999999999964,0,0,0,0,1,49
317,148.79999999999927,-8.299999999999272,-8.200000000000728,164.20000000000073,110.0,349.2999999999993,0,0,0,0,1,48
318,-160.29999999999927,148.79999999999927,-8.299999999999272,-8.200000000000728,164.20000000000073,110.0,0,0,0,0,1,52
319,-504.7000000000007,-160.29999999999927,148.79999999999927,-8.299999999999272,-8.200000000000728,164.20000000000073,0,0,0,0,1,48
320,114.70000000000073,-504.7000000000007,-160.29999999999927,148.79999999999927,-8.299999999999272,-8.200000000000728,0,0,1,0,0,39
321,-294.2000000000007,114.70000000000073,-504.7000000000007,-160.29999999999927,148.79999999999927,-8.299999999999272,0,0,1,0,0,43
322,502.10000000000036,-294.2000000000007,114.70000000000073,-504.7000000000007,-160.29999999999927,148.79999999999927,0,0,1,0,0,39
323,-50.600000000000364,502.10000000000036,-294.2000000000007,114.70000000000073,-504.7000000000007,-160.29999999999927,0,0,1,0,0,46
324,39.100000000000364,-50.600000000000364,502.10000000000036,-294.2000000000007,114.70000000000073,-504.7000000000007,0,0,1,0,0,45
325,48.30000000000109,39.100000000000364,-50.600000000000364,502.10000000000036,-294.2000000000007,114.70000000000073,0,0,0,0,1,47
326,-83.0,48.30000000000109,39.100000000000364,-50.600000000000364,502.10000000000036,-294.2000000000007,0,0,1,0,0,43
327,147.6999999999989,-83.0,48.30000000000109,39.100000000000364,-50.600000000000364,502.10000000000036,0,0,1,0,0,45
328,-64.79999999999927,147.6999999999989,-83.0,48.30000000000109,39.100000000000364,-50.600000000000364,0,0,0,0,1,49
329,-155.60000000000036,-64.79999999999927,147.6999999999989,-83.0,48.30000000000109,39.100000000000364,0,0,1,0,0,45
330,-48.20000000000073,-155.60000000000036,-64.79999999999927,147.6999999999989,-83.0,48.30000000000109,0,0,1,0,0,41
331,-28.099999999998545,-48.20000000000073,-155.60000000000036,-64.79999999999927,147.6999999999989,-83.0,0,0,1,0,0,40
332,128.6999999999989,-28.099999999998545,-48.20000000000073,-155.60000000000036,-64.79999999999927,147.6999999999989,0,0,1,0,0,42
333,116.60000000000036,128.6999999999989,-28.099999999998545,-48.20000000000073,-155.60000000000036,-64.79999999999927,0,0,1,0,0,42
334,-186.89999999999964,116.60000000000036,128.6999999999989,-28.099999999998545,-48.20000000000073,-155.60000000000036,0,0,0,0,1,47
335,68.29999999999927,-186.89999999999964,116.60000000000036,128.6999999999989,-28.099999999998545,-48.20000000000073,0,0,1,0,0,43
336,253.20000000000073,68.29999999999927,-186.89999999999964,116.60000000000036,128.6999999999989,-28.099999999998545,0,0,1,0,0,46
337,130.10000000000036,253.20000000000073,68.29999999999927,-186.89999999999964,116.60000000000036,128.6999999999989,0,0,0,0,1,48
338,244.1999999999989,130.10000000000036,253.20000000000073,68.29999999999927,-186.89999999999964,116.60000000000036,0,0,0,0,1,53
339,72.60000000000036,244.1999999999989,130.10000000000036,253.20000000000073,68.29999999999927,-186.89999999999964,0,0,0,1,0,55
340,162.89999999999964,72.60000000000036,244.1999999999989,130.10000000000036,253.20000000000073,68.29999999999927,0,0,0,0,1,52
341,-110.10000000000036,162.89999999999964,72.60000000000036,244.1999999999989,130.10000000000036,253.20000000000073,0,0,0,1,0,56
342,-3.399999999999636,-110.10000000000036,162.89999999999964,72.60000000000036,244.1999999999989,130.10000000000036,0,0,0,0,1,53
343,82.60000000000036,-3.399999999999636,-110.10000000000036,162.89999999999964,72.60000000000036,244.1999999999989,0,0,0,1,0,56
344,-181.0,82.60000000000036,-3.399999999999636,-110.10000000000036,162.89999999999964,72.60000000000036,0,0,0,0,1,52
345,40.100000000000364,-181.0,82.60000000000036,-3.399999999999636,-110.10000000000036,162.89999999999964,0,0,0,1,0,56
346,144.79999999999927,40.100000000000364,-181.0,82.60000000000036,-3.399999999999636,-110.10000000000036,0,0,0,1,0,55
347,246.5,144.79999999999927,40.100000000000364,-181.0,82.60000000000036,-3.399999999999636,0,0,0,1,0,55
348,160.10000000000036,246.5,144.79999999999927,40.100000000000364,-181.0,82.60000000000036,0,0,0,1,0,56
349,895.2000000000007,160.10000000000036,246.5,144.79999999999927,40.100000000000364,-181.0,0,0,0,1,0,61
350,165.89999999999964,895.2000000000007,160.10000000000036,246.5,144.79999999999927,40.100000000000364,0,0,0,1,0,73
351,-40.5,165.89999999999964,895.2000000000007,160.10000000000036,246.5,144.79999999999927,0,0,0,1,0,74
352,183.10000000000036,-40.5,165.89999999999964,895.2000000000007,160.10000000000036,246.5,0,0,0,1,0,73
353,-85.0,183.10000000000036,-40.5,165.89999999999964,895.2000000000007,160.10000000000036,0,1,0,0,0,76
354,29.399999999999636,-85.0,183.10000000000036,-40.5,165.89999999999964,895.2000000000007,0,0,0,1,0,75
355,596.1999999999989,29.399999999999636,-85.0,183.10000000000036,-40.5,165.89999999999964,0,0,0,1,0,61
356,-378.89999999999964,596.1999999999989,29.399999999999636,-85.0,183.10000000000036,-40.5,0,0,0,1,0,70
357,178.3000000000011,-378.89999999999964,596.1999999999989,29.399999999999636,-85.0,183.10000000000036,0,0,0,1,0,67
358,102.69999999999891,178.3000000000011,-378.89999999999964,596.1999999999989,29.399999999999636,-85.0,0,0,0,1,0,74
359,237.39999999999964,102.69999999999891,178.3000000000011,-378.89999999999964,596.1999999999989,29.399999999999636,0,0,0,1,0,73
360,-37.899999999999636,237.39999999999964,102.69999999999891,178.3000000000011,-378.89999999999964,596.1999999999989,0,0,0,1,0,72
361,-198.0,-37.899999999999636,237.39999999999964,102.69999999999891,178.3000000000011,-378.89999999999964,0,0,0,1,0,71
362,458.5,-198.0,-37.899999999999636,237.39999999999964,102.69999999999891,178.3000000000011,0,0,0,1,0,71
363,125.70000000000073,458.5,-198.0,-37.899999999999636,237.39999999999964,102.69999999999891,0,0,0,1,0,74
364,1441.5,125.70000000000073,458.5,-198.0,-37.899999999999636,237.39999999999964,0,0,0,1,0,72
365,-9.200000000000728,1441.5,125.70000000000073,458.5,-198.0,-37.899999999999636,0,1,0,0,0,90
366,-749.5,-9.200000000000728,1441.5,125.70000000000073,458.5,-198.0,0,1,0,0,0,88
367,655.3000000000011,-749.5,-9.200000000000728,1441.5,125.70000000000073,458.5,0,1,0,0,0,82
368,-156.5,655.3000000000011,-749.5,-9.200000000000728,1441.5,125.70000000000073,0,1,0,0,0,90
369,-23.600000000000364,-156.5,655.3000000000011,-749.5,-9.200000000000728,1441.5,0,1,0,0,0,90
370,392.1999999999989,-23.600000000000364,-156.5,655.3000000000011,-749.5,-9.200000000000728,0,1,0,0,0,86
371,598.9000000000015,392.1999999999989,-23.600000000000364,-156.5,655.3000000000011,-749.5,0,1,0,0,0,87
372,29.5,598.9000000000015,392.1999999999989,-23.600000000000364,-156.5,655.3000000000011,0,1,0,0,0,89
373,-253.20000000000073,29.5,598.9000000000015,392.1999999999989,-23.600000000000364,-156.5,0,1,0,0,0,90
374,-118.0,-253.20000000000073,29.5,598.9000000000015,392.1999999999989,-23.600000000000364,0,1,0,0,0,86
375,762.7999999999993,-118.0,-253.20000000000073,29.5,598.9000000000015,392.1999999999989,0,1,0,0,0,90
376,946.5,762.7999999999993,-118.0,-253.20000000000073,29.5,598.9000000000015,0,1,0,0,0,86
377,112.29999999999927,946.5,762.7999999999993,-118.0,-253.20000000000073,29.5,0,1,0,0,0,91
378,28.900000000001455,112.29999999999927,946.5,762.7999999999993,-118.0,-253.20000000000073,0,1,0,0,0,94
379,871.7000000000007,28.900000000001455,112.29999999999927,946.5,762.7999999999993,-118.0,0,1,0,0,0,86
380,12.0,871.7000000000007,28.900000000001455,112.29999999999927,946.5,762.7999999999993,0,1,0,0,0,91
381,-274.2999999999993,12.0,871.7000000000007,28.900000000001455,112.29999999999927,946.5,0,1,0,0,0,94
382,-33.30000000000291,-274.2999999999993,12.0,871.7000000000007,28.900000000001455,112.29999999999927,0,1,0,0,0,90
383,773.0,-33.30000000000291,-274.2999999999993,12.0,871.7000000000007,28.900000000001455,0,1,0,0,0,88
384,-429.59999999999854,773.0,-33.30000000000291,-274.2999999999993,12.0,871.7000000000007,0,1,0,0,0,94
385,-1561.0,-429.59999999999854,773.0,-33.30000000000291,-274.2999999999993,12.0,0,1,0,0,0,93
386,-34.900000000001455,-1561.0,-429.59999999999854,773.0,-33.30000000000291,-274.2999999999993,0,1,0,0,0,86
387,603.6000000000022,-34.900000000001455,-1561.0,-429.59999999999854,773.0,-33.30000000000291,0,1,0,0,0,87
388,454.7999999999993,603.6000000000022,-34.900000000001455,-1561.0,-429.59999999999854,773.0,0,1,0,0,0,89
389,1512.5999999999985,454.7999999999993,603.6000000000022,-34.900000000001455,-1561.0,-429.59999999999854,0,1,0,0,0,88
390,-927.3999999999978,1512.5999999999985,454.7999999999993,603.6000000000022,-34.900000000001455,-1561.0,0,1,0,0,0,95
391,448.09999999999854,-927.3999999999978,1512.5999999999985,454.7999999999993,603.6000000000022,-34.900000000001455,0,1,0,0,0,92
392,214.5,448.09999999999854,-927.3999999999978,1512.5999999999985,454.7999999999993,603.6000000000022,0,1,0,0,0,92
393,-775.2000000000007,214.5,448.09999999999854,-927.3999999999978,1512.5999999999985,454.7999999999993,0,1,0,0,0,92
394,488.40000000000146,-775.2000000000007,214.5,448.09999999999854,-927.3999999999978,1512.5999999999985,0,1,0,0,0,93
395,233.40000000000146,488.40000000000146,-775.2000000000007,214.5,448.09999999999854,-927.3999999999978,0,1,0,0,0,95
396,-209.20000000000073,233.40000000000146,488.40000000000146,-775.2000000000007,214.5,448.09999999999854,0,1,0,0,0,94
397,-844.1000000000022,-209.20000000000073,233.40000000000146,488.40000000000146,-775.2000000000007,214.5,0,1,0,0,0,95
398,219.40000000000146,-844.1000000000022,-209.20000000000073,233.40000000000146,488.40000000000146,-775.2000000000007,0,1,0,0,0,86
399,-298.7999999999993,219.40000000000146,-844.1000000000022,-209.20000000000073,233.40000000000146,488.40000000000146,0,1,0,0,0,94
400,-223.60000000000218,-298.7999999999993,219.40000000000146,-844.1000000000022,-209.20000000000073,233.40000000000146,0,1,0,0,0,89
401,785.3000000000029,-223.60000000000218,-298.7999999999993,219.40000000000146,-844.1000000000022,-209.20000000000073,0,1,0,0,0,90
402,367.8999999999978,785.3000000000029,-223.60000000000218,-298.7999999999993,219.40000000000146,-844.1000000000022,0,1,0,0,0,91
403,97.0,367.8999999999978,785.3000000000029,-223.60000000000218,-298.7999999999993,219.40000000000146,0,1,0,0,0,95
404,161.10000000000218,97.0,367.8999999999978,785.3000000000029,-223.60000000000218,-298.7999999999993,0,1,0,0,0,91
405,1917.2999999999993,161.10000000000218,97.0,367.8999999999978,785.3000000000029,-223.60000000000218,0,1,0,0,0,92
406,1473.2000000000007,1917.2999999999993,161.10000000000218,97.0,367.8999999999978,785.3000000000029,0,1,0,0,0,92
407,302.5,1473.2000000000007,1917.2999999999993,161.10000000000218,97.0,367.8999999999978,0,1,0,0,0,95
408,716.0999999999985,302.5,1473.2000000000007,1917.2999999999993,161.10000000000218,97.0,0,1,0,0,0,93
409,-369.09999999999854,716.0999999999985,302.5,1473.2000000000007,1917.2999999999993,161.10000000000218,0,1,0,0,0,92
410,-746.4000000000015,-369.09999999999854,716.0999999999985,302.5,1473.2000000000007,1917.2999999999993,0,1,0,0,0,92
411,1094.7000000000007,-746.4000000000015,-369.09999999999854,716.0999999999985,302.5,1473.2000000000007,0,1,0,0,0,88
412,-565.2999999999993,1094.7000000000007,-746.4000000000015,-369.09999999999854,716.0999999999985,302.5,0,1,0,0,0,93
413,478.59999999999854,-565.2999999999993,1094.7000000000007,-746.4000000000015,-369.09999999999854,716.0999999999985,0,1,0,0,0,86
414,953.0999999999985,478.59999999999854,-565.2999999999993,1094.7000000000007,-746.4000000000015,-369.09999999999854,0,1,0,0,0,94
415,1764.800000000003,953.0999999999985,478.59999999999854,-565.2999999999993,1094.7000000000007,-746.4000000000015,0,1,0,0,0,93
416,-193.10000000000218,1764.800000000003,953.0999999999985,478.59999999999854,-565.2999999999993,1094.7000000000007,0,1,0,0,0,91
417,796.5,-193.10000000000218,1764.800000000003,953.0999999999985,478.59999999999854,-565.2999999999993,0,1,0,0,0,92
418,318.2000000000007,796.5,-193.10000000000218,1764.800000000003,953.0999999999985,478.59999999999854,0,1,0,0,0,91
419,1492.7000000000007,318.2000000000007,796.5,-193.10000000000218,1764.800000000003,953.0999999999985,0,1,0,0,0,91
420,80.70000000000073,1492.7000000000007,318.2000000000007,796.5,-193.10000000000218,1764.800000000003,0,1,0,0,0,95
421,410.5,80.70000000000073,1492.7000000000007,318.2000000000007,796.5,-193.10000000000218,0,1,0,0,0,94
422,2833.399999999998,410.5,80.70000000000073,1492.7000000000007,318.2000000000007,796.5,0,1,0,0,0,94
423,765.6000000000022,2833.399999999998,410.5,80.70000000000073,1492.7000000000007,318.2000000000007,0,1,0,0,0,93
424,-936.3000000000029,765.6000000000022,2833.399999999998,410.5,80.70000000000073,1492.7000000000007,0,1,0,0,0,94
425,1968.9000000000015,-936.3000000000029,765.6000000000022,2833.399999999998,410.5,80.70000000000073,0,1,0,0,0,93
426,2801.699999999997,1968.9000000000015,-936.3000000000029,765.6000000000022,2833.399999999998,410.5,0,1,0,0,0,95
427,2667.0,2801.699999999997,1968.9000000000015,-936.3000000000029,765.6000000000022,2833.399999999998,0,1,0,0,0,91
428,1139.1000000000058,2667.0,2801.699999999997,1968.9000000000015,-936.3000000000029,765.6000000000022,0,1,0,0,0,93
429,-447.40000000000146,1139.1000000000058,2667.0,2801.699999999997,1968.9000000000015,-936.3000000000029,0,1,0,0,0,93
430,-1959.7000000000044,-447.40000000000146,1139.1000000000058,2667.0,2801.699999999997,1968.9000000000015,0,1,0,0,0,94
431,-2647.899999999994,-1959.7000000000044,-447.40000000000146,1139.1000000000058,2667.0,2801.699999999997,0,1,0,0,0,90
432,-1468.2000000000044,-2647.899999999994,-1959.7000000000044,-447.40000000000146,1139.1000000000058,2667.0,0,1,0,0,0,84
433,3306.0999999999985,-1468.2000000000044,-2647.899999999994,-1959.7000000000044,-447.40000000000146,1139.1000000000058,0,1,0,0,0,78
434,1793.5,3306.0999999999985,-1468.2000000000044,-2647.899999999994,-1959.7000000000044,-447.40000000000146,0,1,0,0,0,83
435,-2329.899999999994,1793.5,3306.0999999999985,-1468.2000000000044,-2647.899999999994,-1959.7000000000044,0,1,0,0,0,88
436,-826.3000000000029,-2329.899999999994,1793.5,3306.0999999999985,-1468.2000000000044,-2647.899999999994,0,1,0,0,0,84
437,-179.90000000000146,-826.3000000000029,-2329.899999999994,1793.5,3306.0999999999985,-1468.2000000000044,0,1,0,0,0,79
438,773.5999999999985,-179.90000000000146,-826.3000000000029,-2329.899999999994,1793.5,3306.0999999999985,0,1,0,0,0,79
439,-610.2999999999956,773.5999999999985,-179.90000000000146,-826.3000000000029,-2329.899999999994,1793.5,0,1,0,0,0,80
440,-526.5999999999985,-610.2999999999956,773.5999999999985,-179.90000000000146,-826.3000000000029,-2329.899999999994,0,1,0,0,0,78
441,-4634.200000000004,-526.5999999999985,-610.2999999999956,773.5999999999985,-179.90000000000146,-826.3000000000029,0,0,0,1,0,75
442,2158.4000000000015,-4634.200000000004,-526.5999999999985,-610.2999999999956,773.5999999999985,-179.90000000000146,0,0,1,0,0,40
443,-911.5999999999985,2158.4000000000015,-4634.200000000004,-526.5999999999985,-610.2999999999956,773.5999999999985,0,0,0,1,0,74
444,152.39999999999782,-911.5999999999985,2158.4000000000015,-4634.200000000004,-526.5999999999985,-610.2999999999956,0,0,0,1,0,70
445,11.0,152.39999999999782,-911.5999999999985,2158.4000000000015,-4634.200000000004,-526.5999999999985,0,0,0,1,0,74
446,249.79999999999927,11.0,152.39999999999782,-911.5999999999985,2158.4000000000015,-4634.200000000004,0,0,0,1,0,71
447,-2098.0999999999985,249.79999999999927,11.0,152.39999999999782,-911.5999999999985,2158.4000000000015,0,1,0,0,0,78
448,2970.800000000003,-2098.0999999999985,249.79999999999927,11.0,152.39999999999782,-911.5999999999985,0,0,0,1,0,55
449,927.0,2970.800000000003,-2098.0999999999985,249.79999999999927,11.0,152.39999999999782,0,1,0,0,0,77
450,-18.700000000004366,927.0,2970.800000000003,-2098.0999999999985,249.79999999999927,11.0,0,1,0,0,0,76
451,-1175.0,-18.700000000004366,927.0,2970.800000000003,-2098.0999999999985,249.79999999999927,0,1,0,0,0,78
452,407.59999999999854,-1175.0,-18.700000000004366,927.0,2970.800000000003,-2098.0999999999985,0,1,0,0,0,77
453,1969.5,407.59999999999854,-1175.0,-18.700000000004366,927.0,2970.800000000003,0,1,0,0,0,76
454,2161.600000000006,1969.5,407.59999999999854,-1175.0,-18.700000000004366,927.0,0,1,0,0,0,78
455,-664.7000000000044,2161.600000000006,1969.5,407.59999999999854,-1175.0,-18.700000000004366,0,1,0,0,0,80
456,1315.5,-664.7000000000044,2161.600000000006,1969.5,407.59999999999854,-1175.0,0,1,0,0,0,81
457,959.0,1315.5,-664.7000000000044,2161.600000000006,1969.5,407.59999999999854,0,1,0,0,0,84
458,-403.6999999999971,959.0,1315.5,-664.7000000000044,2161.600000000006,1969.5,0,1,0,0,0,86
459,7542.799999999996,-403.6999999999971,959.0,1315.5,-664.7000000000044,2161.600000000006,0,1,0,0,0,83
460,112.90000000000146,7542.799999999996,-403.6999999999971,959.0,1315.5,-664.7000000000044,0,1,0,0,0,95
461,-1672.5999999999985,112.90000000000146,7542.799999999996,-403.6999999999971,959.0,1315.5,0,1,0,0,0,92
462,3154.699999999997,-1672.5999999999985,112.90000000000146,7542.799999999996,-403.6999999999971,959.0,0,1,0,0,0,93
463,-619.0,3154.699999999997,-1672.5999999999985,112.90000000000146,7542.799999999996,-403.6999999999971,0,1,0,0,0,92
464,-203.0,-619.0,3154.699999999997,-1672.5999999999985,112.90000000000146,7542.799999999996,0,1,0,0,0,92
465,1474.7000000000044,-203.0,-619.0,3154.699999999997,-1672.5999999999985,112.90000000000146,0,1,0,0,0,95
466,-707.0999999999985,1474.7000000000044,-203.0,-619.0,3154.699999999997,-1672.5999999999985,0,1,0,0,0,93
467,1233.3999999999942,-707.0999999999985,1474.7000000000044,-203.0,-619.0,3154.699999999997,0,1,0,0,0,95
468,2909.5,1233.3999999999942,-707.0999999999985,1474.7000000000044,-203.0,-619.0,0,1,0,0,0,95
469,-497.0,2909.5,1233.3999999999942,-707.0999999999985,1474.7000000000044,-203.0,0,1,0,0,0,91
470,4324.4000000000015,-497.0,2909.5,1233.3999999999942,-707.0999999999985,1474.7000000000044,0,1,0,0,0,93
471,17.099999999998545,4324.4000000000015,-497.0,2909.5,1233.3999999999942,-707.0999999999985,0,1,0,0,0,91
472,1510.1000000000058,17.099999999998545,4324.4000000000015,-497.0,2909.5,1233.3999999999942,0,1,0,0,0,91
473,-3322.0,1510.1000000000058,17.099999999998545,4324.4000000000015,-497.0,2909.5,0,1,0,0,0,94
474,-5200.600000000006,-3322.0,1510.1000000000058,17.099999999998545,4324.4000000000015,-497.0,0,1,0,0,0,94
475,786.3000000000029,-5200.600000000006,-3322.0,1510.1000000000058,17.099999999998545,4324.4000000000015,0,1,0,0,0,76
476,-2769.0,786.3000000000029,-5200.600000000006,-3322.0,1510.1000000000058,17.099999999998545,0,1,0,0,0,79
477,-582.9000000000015,-2769.0,786.3000000000029,-5200.600000000006,-3322.0,1510.1000000000058,0,0,0,1,0,55
478,-208.90000000000146,-582.9000000000015,-2769.0,786.3000000000029,-5200.600000000006,-3322.0,0,0,0,1,0,56
479,-972.6999999999971,-208.90000000000146,-582.9000000000015,-2769.0,786.3000000000029,-5200.600000000006,0,0,0,1,0,55
480,4431.5,-972.6999999999971,-208.90000000000146,-582.9000000000015,-2769.0,786.3000000000029,0,0,1,0,0,38
481,-1171.300000000003,4431.5,-972.6999999999971,-208.90000000000146,-582.9000000000015,-2769.0,0,1,0,0,0,78
482,1970.9000000000015,-1171.300000000003,4431.5,-972.6999999999971,-208.90000000000146,-582.9000000000015,0,1,0,0,0,78
483,-1967.0999999999985,1970.9000000000015,-1171.300000000003,4431.5,-972.6999999999971,-208.90000000000146,0,1,0,0,0,84
484,364.5,-1967.0999999999985,1970.9000000000015,-1171.300000000003,4431.5,-972.6999999999971,0,1,0,0,0,77
485,63.099999999998545,364.5,-1967.0999999999985,1970.9000000000015,-1171.300000000003,4431.5,0,1,0,0,0,77
486,2126.7000000000044,63.099999999998545,364.5,-1967.0999999999985,1970.9000000000015,-1171.300000000003,0,1,0,0,0,76
487,1328.699999999997,2126.7000000000044,63.099999999998545,364.5,-1967.0999999999985,1970.9000000000015,0,1,0,0,0,81
488,2568.0,1328.699999999997,2126.7000000000044,63.099999999998545,364.5,-1967.0999999999985,0,1,0,0,0,81
489,972.9000000000015,2568.0,1328.699999999997,2126.7000000000044,63.099999999998545,364.5,0,0,0,1,0,68
490,1947.5999999999985,972.9000000000015,2568.0,1328.699999999997,2126.7000000000044,63.099999999998545,0,0,0,1,0,73
491,-534.4000000000015,1947.5999999999985,972.9000000000015,2568.0,1328.699999999997,2126.7000000000044,0,0,0,1,0,70
492,3930.2000000000044,-534.4000000000015,1947.5999999999985,972.9000000000015,2568.0,1328.699999999997,0,0,0,1,0,74
493,-2081.600000000006,3930.2000000000044,-534.4000000000015,1947.5999999999985,972.9000000000015,2568.0,0,1,0,0,0,78
494,-3322.399999999994,-2081.600000000006,3930.2000000000044,-534.4000000000015,1947.5999999999985,972.9000000000015,0,1,0,0,0,76
495,1098.3999999999942,-3322.399999999994,-2081.600000000006,3930.2000000000044,-534.4000000000015,1947.5999999999985,0,0,0,1,0,71
496,2023.800000000003,1098.3999999999942,-3322.399999999994,-2081.600000000006,3930.2000000000044,-534.4000000000015,0,0,0,1,0,71
497,-1257.5,2023.800000000003,1098.3999999999942,-3322.399999999994,-2081.600000000006,3930.2000000000044,0,0,0,1,0,72
498,432.0,-1257.5,2023.800000000003,1098.3999999999942,-3322.399999999994,-2081.600000000006,0,0,0,1,0,71
499,5.400000000001455,432.0,-1257.5,2023.800000000003,1098.3999999999942,-3322.399999999994,0,0,0,1,0,75
500,-709.5999999999985,5.400000000001455,432.0,-1257.5,2023.800000000003,1098.3999999999942,0,0,0,1,0,73
501,-3225.5,-709.5999999999985,5.400000000001455,432.0,-1257.5,2023.800000000003,0,0,0,1,0,70
502,294.1999999999971,-3225.5,-709.5999999999985,5.400000000001455,432.0,-1257.5,0,0,0,1,0,66
503,-2127.0999999999985,294.1999999999971,-3225.5,-709.5999999999985,5.400000000001455,432.0,0,0,0,1,0,65
504,-1003.0999999999985,-2127.0999999999985,294.1999999999971,-3225.5,-709.5999999999985,5.400000000001455,0,0,0,1,0,60
505,3713.7999999999956,-1003.0999999999985,-2127.0999999999985,294.1999999999971,-3225.5,-709.5999999999985,0,0,0,0,1,54
506,826.8000000000029,3713.7999999999956,-1003.0999999999985,-2127.0999999999985,294.1999999999971,-3225.5,0,0,0,1,0,65
507,-97.70000000000437,826.8000000000029,3713.7999999999956,-1003.0999999999985,-2127.0999999999985,294.1999999999971,0,0,0,1,0,74
508,1851.0,-97.70000000000437,826.8000000000029,3713.7999999999956,-1003.0999999999985,-2127.0999999999985,0,0,0,1,0,72
509,1155.1000000000058,1851.0,-97.70000000000437,826.8000000000029,3713.7999999999956,-1003.0999999999985,0,0,0,1,0,72
510,-7.600000000005821,1155.1000000000058,1851.0,-97.70000000000437,826.8000000000029,3713.7999999999956,0,1,0,0,0,76
511,-45.39999999999418,-7.600000000005821,1155.1000000000058,1851.0,-97.70000000000437,826.8000000000029,0,0,0,1,0,74
512,259.0,-45.39999999999418,-7.600000000005821,1155.1000000000058,1851.0,-97.70000000000437,0,0,0,1,0,74
513,-1917.4000000000015,259.0,-45.39999999999418,-7.600000000005821,1155.1000000000058,1851.0,0,0,0,1,0,73
514,1140.0,-1917.4000000000015,259.0,-45.39999999999418,-7.600000000005821,1155.1000000000058,0,0,0,1,0,74
515,793.5,1140.0,-1917.4000000000015,259.0,-45.39999999999418,-7.600000000005821,0,0,0,1,0,71
516,-997.0999999999985,793.5,1140.0,-1917.4000000000015,259.0,-45.39999999999418,0,0,0,1,0,75
517,-2047.6000000000058,-997.0999999999985,793.5,1140.0,-1917.4000000000015,259.0,0,0,0,1,0,72
518,2128.7000000000044,-2047.6000000000058,-997.0999999999985,793.5,1140.0,-1917.4000000000015,0,0,0,1,0,73
519,41.299999999995634,2128.7000000000044,-2047.6000000000058,-997.0999999999985,793.5,1140.0,0,0,0,1,0,70
520,1629.7000000000044,41.299999999995634,2128.7000000000044,-2047.6000000000058,-997.0999999999985,793.5,0,0,0,1,0,70
521,230.29999999999563,1629.7000000000044,41.299999999995634,2128.7000000000044,-2047.6000000000058,-997.0999999999985,0,1,0,0,0,76
522,-114.89999999999418,230.29999999999563,1629.7000000000044,41.299999999995634,2128.7000000000044,-2047.6000000000058,0,0,0,1,0,74
523,3677.0999999999985,-114.89999999999418,230.29999999999563,1629.7000000000044,41.299999999995634,2128.7000000000044,0,0,0,1,0,74
524,-560.5,3677.0999999999985,-114.89999999999418,230.29999999999563,1629.7000000000044,41.299999999995634,0,0,0,1,0,75
525,235.59999999999854,-560.5,3677.0999999999985,-114.89999999999418,230.29999999999563,1629.7000000000044,0,1,0,0,0,79
526,-1836.300000000003,235.59999999999854,-560.5,3677.0999999999985,-114.89999999999418,230.29999999999563,0,1,0,0,0,78
527,-1337.7999999999956,-1836.300000000003,235.59999999999854,-560.5,3677.0999999999985,-114.89999999999418,0,1,0,0,0,76
528,-3834.800000000003,-1337.7999999999956,-1836.300000000003,235.59999999999854,-560.5,3677.0999999999985,0,1,0,0,0,79
529,-561.0,-3834.800000000003,-1337.7999999999956,-1836.300000000003,235.59999999999854,-560.5,0,0,0,1,0,74
530,837.0999999999985,-561.0,-3834.800000000003,-1337.7999999999956,-1836.300000000003,235.59999999999854,0,0,0,1,0,73
531,-2663.0,837.0999999999985,-561.0,-3834.800000000003,-1337.7999999999956,-1836.300000000003,0,0,0,1,0,73
532,-2090.699999999997,-2663.0,837.0999999999985,-561.0,-3834.800000000003,-1337.7999999999956,0,0,0,1,0,65
533,-585.9000000000015,-2090.699999999997,-2663.0,837.0999999999985,-561.0,-3834.800000000003,0,0,0,1,0,55
534,-1054.699999999997,-585.9000000000015,-2090.699999999997,-2663.0,837.0999999999985,-561.0,0,0,1,0,0,37
535,-1125.300000000003,-1054.699999999997,-585.9000000000015,-2090.699999999997,-2663.0,837.0999999999985,0,0,1,0,0,31
536,5056.9000000000015,-1125.300000000003,-1054.699999999997,-585.9000000000015,-2090.699999999997,-2663.0,0,0,1,0,0,27
537,1016.0,5056.9000000000015,-1125.300000000003,-1054.699999999997,-585.9000000000015,-2090.699999999997,0,0,0,0,1,50
538,-195.09999999999854,1016.0,5056.9000000000015,-1125.300000000003,-1054.699999999997,-585.9000000000015,0,0,0,1,0,59
539,-1280.5999999999985,-195.09999999999854,1016.0,5056.9000000000015,-1125.300000000003,-1054.699999999997,0,0,0,0,1,52
540,4159.5,-1280.5999999999985,-195.09999999999854,1016.0,5056.9000000000015,-1125.300000000003,0,0,0,0,1,51
541,86.79999999999563,4159.5,-1280.5999999999985,-195.09999999999854,1016.0,5056.9000000000015,0,0,0,1,0,68
542,-1203.2999999999956,86.79999999999563,4159.5,-1280.5999999999985,-195.09999999999854,1016.0,0,0,0,1,0,66
543,566.0,-1203.2999999999956,86.79999999999563,4159.5,-1280.5999999999985,-195.09999999999854,0,0,0,1,0,61
544,-3428.300000000003,566.0,-1203.2999999999956,86.79999999999563,4159.5,-1280.5999999999985,0,0,0,1,0,68
545,3699.800000000003,-3428.300000000003,566.0,-1203.2999999999956,86.79999999999563,4159.5,0,0,0,0,1,48
546,-1035.9000000000015,3699.800000000003,-3428.300000000003,566.0,-1203.2999999999956,86.79999999999563,0,0,0,1,0,65
547,931.7999999999956,-1035.9000000000015,3699.800000000003,-3428.300000000003,566.0,-1203.2999999999956,0,0,0,1,0,64
548,1502.9000000000015,931.7999999999956,-1035.9000000000015,3699.800000000003,-3428.300000000003,566.0,0,0,0,1,0,67
549,-601.7999999999956,1502.9000000000015,931.7999999999956,-1035.9000000000015,3699.800000000003,-3428.300000000003,0,0,0,1,0,73
550,-2389.4000000000015,-601.7999999999956,1502.9000000000015,931.7999999999956,-1035.9000000000015,3699.800000000003,0,0,0,1,0,72
551,846.7999999999956,-2389.4000000000015,-601.7999999999956,1502.9000000000015,931.7999999999956,-1035.9000000000015,0,0,0,1,0,61
552,-7311.5,846.7999999999956,-2389.4000000000015,-601.7999999999956,1502.9000000000015,931.7999999999956,0,0,0,0,1,68
553,320.40000000000146,-7311.5,846.7999999999956,-2389.4000000000015,-601.7999999999956,1502.9000000000015,0,0,1,0,0,31
554,135.20000000000437,320.40000000000146,-7311.5,846.7999999999956,-2389.4000000000015,-601.7999999999956,0,0,1,0,0,26
555,-3131.0,135.20000000000437,320.40000000000146,-7311.5,846.7999999999956,-2389.4000000000015,0,0,1,0,0,27
556,-282.40000000000146,-3131.0,135.20000000000437,320.40000000000146,-7311.5,846.7999999999956,1,0,0,0,0,20
557,-2885.0999999999985,-282.40000000000146,-3131.0,135.20000000000437,320.40000000000146,-7311.5,0,0,1,0,0,27
558,-644.0,-2885.0999999999985,-282.40000000000146,-3131.0,135.20000000000437,320.40000000000146,1,0,0,0,0,21
559,-6176.800000000003,-644.0,-2885.0999999999985,-282.40000000000146,-3131.0,135.20000000000437,1,0,0,0,0,23
560,3996.699999999997,-6176.800000000003,-644.0,-2885.0999999999985,-282.40000000000146,-3131.0,1,0,0,0,0,11
561,-3419.7999999999956,3996.699999999997,-6176.800000000003,-644.0,-2885.0999999999985,-282.40000000000146,1,0,0,0,0,19
562,150.90000000000146,-3419.7999999999956,3996.699999999997,-6176.800000000003,-644.0,-2885.0999999999985,1,0,0,0,0,12
563,-2768.600000000006,150.90000000000146,-3419.7999999999956,3996.699999999997,-6176.800000000003,-644.0,1,0,0,0,0,14
564,4070.9000000000015,-2768.600000000006,150.90000000000146,-3419.7999999999956,3996.699999999997,-6176.800000000003,1,0,0,0,0,10
565,-372.29999999999563,4070.9000000000015,-2768.600000000006,150.90000000000146,-3419.7999999999956,3996.699999999997,1,0,0,0,0,22
566,870.8999999999942,-372.29999999999563,4070.9000000000015,-2768.600000000006,150.90000000000146,-3419.7999999999956,1,0,0,0,0,22
567,-831.8999999999942,870.8999999999942,-372.29999999999563,4070.9000000000015,-2768.600000000006,150.90000000000146,0,0,1,0,0,27
568,-2754.800000000003,-831.8999999999942,870.8999999999942,-372.29999999999563,4070.9000000000015,-2768.600000000006,1,0,0,0,0,21
569,-1077.9000000000015,-2754.800000000003,-831.8999999999942,870.8999999999942,-372.29999999999563,4070.9000000000015,1,0,0,0,0,18
570,1068.2000000000044,-1077.9000000000015,-2754.800000000003,-831.8999999999942,870.8999999999942,-372.29999999999563,1,0,0,0,0,10
571,1645.7999999999956,1068.2000000000044,-1077.9000000000015,-2754.800000000003,-831.8999999999942,870.8999999999942,1,0,0,0,0,18
572,-611.0,1645.7999999999956,1068.2000000000044,-1077.9000000000015,-2754.800000000003,-831.8999999999942,1,0,0,0,0,20
573,868.2000000000044,-611.0,1645.7999999999956,1068.2000000000044,-1077.9000000000015,-2754.800000000003,1,0,0,0,0,23
574,1631.5,868.2000000000044,-611.0,1645.7999999999956,1068.2000000000044,-1077.9000000000015,1,0,0,0,0,24
575,-2336.0,1631.5,868.2000000000044,-611.0,1645.7999999999956,1068.2000000000044,0,0,1,0,0,27
576,-1331.300000000003,-2336.0,1631.5,868.2000000000044,-611.0,1645.7999999999956,1,0,0,0,0,24
577,295.40000000000146,-1331.300000000003,-2336.0,1631.5,868.2000000000044,-611.0,1,0,0,0,0,17
578,-2237.4000000000015,295.40000000000146,-1331.300000000003,-2336.0,1631.5,868.2000000000044,1,0,0,0,0,15
579,-195.09999999999854,-2237.4000000000015,295.40000000000146,-1331.300000000003,-2336.0,1631.5,1,0,0,0,0,13
580,3949.2999999999956,-195.09999999999854,-2237.4000000000015,295.40000000000146,-1331.300000000003,-2336.0,1,0,0,0,0,14
581,-682.7999999999956,3949.2999999999956,-195.09999999999854,-2237.4000000000015,295.40000000000146,-1331.300000000003,1,0,0,0,0,21
582,665.1999999999971,-682.7999999999956,3949.2999999999956,-195.09999999999854,-2237.4000000000015,295.40000000000146,1,0,0,0,0,21
583,-1847.0999999999985,665.1999999999971,-682.7999999999956,3949.2999999999956,-195.09999999999854,-2237.4000000000015,0,0,1,0,0,28
584,3555.4000000000015,-1847.0999999999985,665.1999999999971,-682.7999999999956,3949.2999999999956,-195.09999999999854,1,0,0,0,0,23
585,1506.5,3555.4000000000015,-1847.0999999999985,665.1999999999971,-682.7999999999956,3949.2999999999956,0,0,1,0,0,28
586,-373.3000000000029,1506.5,3555.4000000000015,-1847.0999999999985,665.1999999999971,-682.7999999999956,0,0,1,0,0,38
587,-1820.0999999999985,-373.3000000000029,1506.5,3555.4000000000015,-1847.0999999999985,665.1999999999971,0,0,1,0,0,33
588,-284.0,-1820.0999999999985,-373.3000000000029,1506.5,3555.4000000000015,-1847.0999999999985,0,0,1,0,0,26
589,-2302.5999999999985,-284.0,-1820.0999999999985,-373.3000000000029,1506.5,3555.4000000000015,1,0,0,0,0,25
590,-236.0,-2302.5999999999985,-284.0,-1820.0999999999985,-373.3000000000029,1506.5,1,0,0,0,0,23
